sample,fastq_1,fastq_2
SRR23195506,/Users/tesbaro/Desktop/CompWorkflow/data/SRR23195506_1.fastq.gz,/Users/tesbaro/Desktop/CompWorkflow/data/SRR23195506_2.fastq.gz
SRR23195507,/Users/tesbaro/Desktop/CompWorkflow/data/SRR23195507_1.fastq.gz,/Users/tesbaro/Desktop/CompWorkflow/data/SRR23195507_2.fastq.gz
SRR23195508,/Users/tesbaro/Desktop/CompWorkflow/data/SRR23195508_1.fastq.gz,/Users/tesbaro/Desktop/CompWorkflow/data/SRR23195508_2.fastq.gz
SRR23195509,/Users/tesbaro/Desktop/CompWorkflow/data/SRR23195509_1.fastq.gz,/Users/tesbaro/Desktop/CompWorkflow/data/SRR23195509_2.fastq.gz
SRR23195510,/Users/tesbaro/Desktop/CompWorkflow/data/SRR23195510_1.fastq.gz,/Users/tesbaro/Desktop/CompWorkflow/data/SRR23195510_2.fastq.gz
SRR23195511,/Users/tesbaro/Desktop/CompWorkflow/data/SRR23195511_1.fastq.gz,/Users/tesbaro/Desktop/CompWorkflow/data/SRR23195511_2.fastq.gz
SRR23195512,/Users/tesbaro/Desktop/CompWorkflow/data/SRR23195512_1.fastq.gz,/Users/tesbaro/Desktop/CompWorkflow/data/SRR23195512_2.fastq.gz
SRR23195513,/Users/tesbaro/Desktop/CompWorkflow/data/SRR23195513_1.fastq.gz,/Users/tesbaro/Desktop/CompWorkflow/data/SRR23195513_2.fastq.gz
SRR23195514,/Users/tesbaro/Desktop/CompWorkflow/data/SRR23195514_1.fastq.gz,/Users/tesbaro/Desktop/CompWorkflow/data/SRR23195514_2.fastq.gz
SRR23195515,/Users/tesbaro/Desktop/CompWorkflow/data/SRR23195515_1.fastq.gz,/Users/tesbaro/Desktop/CompWorkflow/data/SRR23195515_2.fastq.gz
SRR23195516,/Users/tesbaro/Desktop/CompWorkflow/data/SRR23195516_1.fastq.gz,/Users/tesbaro/Desktop/CompWorkflow/data/SRR23195516_2.fastq.gz
SRR23195517,/Users/tesbaro/Desktop/CompWorkflow/data/SRR23195517_1.fastq.gz,/Users/tesbaro/Desktop/CompWorkflow/data/SRR23195517_2.fastq.gz
SRR23195518,/Users/tesbaro/Desktop/CompWorkflow/data/SRR23195518_1.fastq.gz,/Users/tesbaro/Desktop/CompWorkflow/data/SRR23195518_2.fastq.gz
SRR23195519,/Users/tesbaro/Desktop/CompWorkflow/data/SRR23195519_1.fastq.gz,/Users/tesbaro/Desktop/CompWorkflow/data/SRR23195519_2.fastq.gz
SRR23195520,/Users/tesbaro/Desktop/CompWorkflow/data/SRR23195520_1.fastq.gz,/Users/tesbaro/Desktop/CompWorkflow/data/SRR23195520_2.fastq.gz